describle,evaluate,introduce,movie_name,serial_number,star
希望让人自由。,1391579人评价,导演:弗兰克·德拉邦特FrankDarabont主演:蒂姆·罗宾斯TimRobbins/...,肖申克的救赎,1,9.6
风华绝代。,1030365人评价,导演:陈凯歌KaigeChen主演:张国荣LeslieCheung/张丰毅FengyiZha...,霸王别姬,2,9.6
怪蜀黍和小萝莉不得不说的故事。,1271601人评价,导演:吕克·贝松LucBesson主演:让·雷诺JeanReno/娜塔莉·波特曼...,这个杀手不太冷,3,9.4
一部美国近现代史。,1096021人评价,导演:罗伯特·泽米吉斯RobertZemeckis主演:汤姆·汉克斯TomHanks/...,阿甘正传,4,9.4
最美的谎言。,641429人评价,导演:罗伯托·贝尼尼RobertoBenigni主演:罗伯托·贝尼尼RobertoBeni...,美丽人生,5,9.5
失去的才是永恒的。 ,1036374人评价,导演:詹姆斯·卡梅隆JamesCameron主演:莱昂纳多·迪卡普里奥Leonardo...,泰坦尼克号,6,9.3
最好的宫崎骏，最好的久石让。 ,1021995人评价,导演:宫崎骏HayaoMiyazaki主演:柊瑠美RumiHîragi/入野自由Miy...,千与千寻,7,9.3
拯救一个人，就是拯救整个世界。,572262人评价,导演:史蒂文·斯皮尔伯格StevenSpielberg主演:连姆·尼森LiamNeeson...,辛德勒的名单,8,9.5
诺兰给了我们一场无法盗取的梦。,1103249人评价,导演:克里斯托弗·诺兰ChristopherNolan主演:莱昂纳多·迪卡普里奥Le...,盗梦空间,9,9.3
永远都不能忘记你所爱的人。,726138人评价,导演:莱塞·霍尔斯道姆LasseHallström主演:理查·基尔RichardGer...,忠犬八公的故事,10,9.3
小瓦力，大人生。,731007人评价,导演:安德鲁·斯坦顿AndrewStanton主演:本·贝尔特BenBurtt/艾丽...,机器人总动员,11,9.3
英俊版憨豆，高情商版谢耳朵。,990347人评价,导演:拉库马·希拉尼RajkumarHirani主演:阿米尔·汗AamirKhan/卡...,三傻大闹宝莱坞,12,9.2
每个人都要走一条自己坚定了的路，就算是粉身碎骨。 ,813355人评价,导演:朱塞佩·托纳多雷GiuseppeTornatore主演:蒂姆·罗斯TimRoth/...,海上钢琴师,13,9.2
天籁一般的童声，是最接近上帝的存在。 ,685396人评价,导演:克里斯托夫·巴拉蒂ChristopheBarratier主演:热拉尔·朱尼奥Gé...,放牛班的春天,14,9.3
如果再也不能见到你，祝你早安，午安，晚安。,756236人评价,导演:彼得·威尔PeterWeir主演:金·凯瑞JimCarrey/劳拉·琳妮Lau...,楚门的世界,15,9.2
一生所爱。,765700人评价,导演:刘镇伟JeffreyLau主演:周星驰StephenChow/吴孟达ManTatNg...,大话西游之大圣娶亲,16,9.2
爱是一种力量，让我们超越时空感知它的存在。,786046人评价,导演:克里斯托弗·诺兰ChristopherNolan主演:马修·麦康纳MatthewMc...,星际穿越,17,9.2
人人心中都有个龙猫，童年就永远不会消失。,677026人评价,导演:宫崎骏HayaoMiyazaki主演:日高法子NorikoHidaka/坂本千夏Ch...,龙猫,18,9.2
千万不要记恨你的对手，这样会让你失去理智。,497236人评价,导演:弗朗西斯·福特·科波拉FrancisFordCoppola主演:马龙·白兰度M...,教父,19,9.2
我们一路奋战不是为了改变世界，而是为了不让世界改变我们。,442171人评价,导演:黄东赫Dong-hyukHwang主演:孔侑YooGong/郑有美Yu-miJeong...,熔炉,20,9.3
香港电影史上永不过时的杰作。,628577人评价,导演:刘伟强/麦兆辉主演:刘德华/梁朝伟/黄秋生,无间道,21,9.1
迪士尼给我们营造的乌托邦就是这样，永远善良勇敢，永远出乎意料。,862374人评价,导演:拜伦·霍华德ByronHoward/瑞奇·摩尔RichMoore主演:金妮弗·...,疯狂动物城,22,9.2
平民励志片。 ,801062人评价,导演:加布里尔·穆奇诺GabrieleMuccino主演:威尔·史密斯WillSmith...,当幸福来敲门,23,9.0
真正的幸福是来自内心深处。,884235人评价,导演:罗伯·莱纳RobReiner主演:玛德琳·卡罗尔MadelineCarroll/卡...,怦然心动,24,9.0
满满温情的高雅喜剧。,529036人评价,导演:奥利维·那卡什OlivierNakache/艾力克·托兰达EricToledano主...,触不可及,25,9.2
无尽的黑暗。,510698人评价,导演:克里斯托弗·诺兰ChristopherNolan主演:克里斯蒂安·贝尔Christ...,蝙蝠侠：黑暗骑士,26,9.1
Tomorrow is another day.,369076人评价,导演:维克多·弗莱明VictorFleming/乔治·库克GeorgeCukor主演:费...,乱世佳人,27,9.2
张艺谋最好的电影。,409391人评价,导演:张艺谋YimouZhang主演:葛优YouGe/巩俐LiGong/姜武WuJiang,活着,28,9.2
瑰丽壮观、无人能及的冒险之旅。,800976人评价,导演:李安AngLee主演:苏拉·沙玛SurajSharma/伊尔凡·可汗Irrfan...,少年派的奇幻漂流,29,9.0
比利·怀德满分作品。,175158人评价,导演:比利·怀尔德BillyWilder主演:泰隆·鲍华TyronePower/玛琳·...,控方证人,30,9.6
那些吻戏，那些青春，都在影院的黑暗里被泪水冲刷得无比清晰。,396866人评价,导演:朱塞佩·托纳多雷GiuseppeTornatore主演:安东内拉·阿蒂利Anton...,天堂电影院,31,9.2
对敌人的仁慈，就是对自己残忍。,334844人评价,导演:姜文WenJiang主演:姜文WenJiang/香川照之TeruyukiKagawa/...,鬼子来了,32,9.2
史诗的终章。,401761人评价,导演:彼得·杰克逊PeterJackson主演:维果·莫腾森ViggoMortensen/...,指环王3：王者无敌,33,9.1
1957年的理想主义。 ,238467人评价,导演:SidneyLumet主演:亨利·方达HenryFonda/马丁·鲍尔萨姆Marti...,十二怒汉,34,9.4
对天空的追逐，永不停止。 ,470484人评价,导演:宫崎骏HayaoMiyazaki主演:田中真弓MayumiTanaka/横泽启子Ke...,天空之城,35,9.1
你不是在为你一个人战斗，你要让千千万万的女性看到女生并不是只能相夫教子。,765327人评价,导演:涅提·蒂瓦里NiteshTiwari主演:阿米尔·汗AamirKhan/法缇玛...,摔跤吧！爸爸,36,9.1
最后那些最无聊的事情，才是最值得怀念的。 ,716895人评价,导演:彼特·道格特PeteDocter/鲍勃·彼德森BobPeterson主演:爱德...,飞屋环游记,37,8.9
旷古烁今。,617983人评价,导演:刘镇伟JeffreyLau主演:周星驰StephenChow/吴孟达ManTatNg...,大话西游之月光宝盒,38,9.0
邪恶与平庸蛰伏于同一个母体，在特定的时间互相对峙。,514618人评价,导演:大卫·芬奇DavidFincher主演:爱德华·诺顿EdwardNorton/布拉...,搏击俱乐部,39,9.0
爱情哪怕只有一天。,536366人评价,导演:威廉·惠勒WilliamWyler主演:奥黛丽·赫本AudreyHepburn/格...,罗马假日,40,9.0
带着心爱的人在天空飞翔。,519959人评价,导演:宫崎骏HayaoMiyazaki主演:倍赏千惠子ChiekoBaishô/木村拓...,哈尔的移动城堡,41,9.0
史上最美的探戈。,458104人评价,导演:马丁·布莱斯MartinBrest主演:阿尔·帕西诺AlPacino/克里斯...,闻香识女人,42,9.0
电影的现实意义大过电影本身。,316596人评价,导演:杨宇硕Woo-seokYang主演:宋康昊Kang-hoSong/吴达洙Dal-suO...,辩护人,43,9.2
别样人生。,318167人评价,导演:弗洛里安·亨克尔·冯·多纳斯马尔克FlorianHenckelvonDonnersmarck&n...,窃听风暴,44,9.1
4个臭皮匠顶个诸葛亮，盖·里奇果然不是盖的。,352428人评价,导演:GuyRitchie主演:JasonFlemyng/DexterFletcher/NickMoran,两杆大烟枪,45,9.1
“不要跟我比惨，我比你更惨”再适合这部电影不过了。,308821人评价,导演:贝纳尔多·贝托鲁奇BernardoBertolucci主演:尊龙JohnLone/陈...,末代皇帝,46,9.1
自由万岁。,355041人评价,导演:米洛斯·福尔曼MilošForman主演:杰克·尼科尔森JackNichols...,飞越疯人院,47,9.1
当一个死水般的体制内出现一个活跃的变数时，所有的腐臭都站在了光明的对面。,388921人评价,导演:彼得·威尔PeterWeir主演:罗宾·威廉姆斯RobinWilliams/罗伯...,死亡诗社,48,9.0
受过伤害的人总是笑得最开心，因为他们不愿意让身边的人承受一样的痛苦。,286130人评价,导演:李濬益Jun-ikLee主演:薛景求Kyung-guSol/严志媛Ji-wonUhm...,素媛,49,9.2
承前启后的史诗篇章。,377386人评价,导演:彼得·杰克逊PeterJackson主演:伊利亚·伍德ElijahWood/西恩...,指环王2：双塔奇兵,50,9.0
死亡不是真的逝去，遗忘才是永恒的消亡。,729139人评价,导演:李·昂克里奇LeeUnkrich/阿德里安·莫利纳AdrianMolina主演:...,寻梦环游记,51,9.0
一张面具背后的理想与革命。,594099人评价,导演:詹姆斯·麦克特格JamesMcTeigue主演:娜塔莉·波特曼NataliePor...,V字仇杀队,52,8.8
优雅的孤独。,269366人评价,导演:弗朗西斯·福特·科波拉FrancisFordCoppola主演:阿尔·帕西诺A...,教父2,53,9.2
传说的开始。,422858人评价,导演:彼得·杰克逊PeterJackson主演:伊利亚·伍德ElijahWood/西恩...,指环王1：魔戒再现,54,9.0
海豚的微笑，是世界上最高明的伪装。,234078人评价,导演:路易·西霍尤斯LouiePsihoyos主演:RichardO'Barry/路易·西霍...,海豚湾,55,9.3
人生不能像做菜，把所有的料都准备好了才下锅。,289812人评价,导演:李安AngLee主演:郎雄SihungLung/杨贵媚Kuei-MeiYang/吴...,饮食男女,56,9.1
动物版《哈姆雷特》。,402324人评价,导演:RogerAllers/罗伯·明可夫RobMinkoff主演:乔纳森·泰勒·托马...,狮子王,57,9.0
爱是一切逻辑和原由。,412184人评价,导演:朗·霍华德RonHoward主演:罗素·克劳RussellCrowe/艾德·哈...,美丽心灵,58,8.9
暗恋的极致。,512720人评价,导演:岩井俊二ShunjiIwai主演:中山美穗MihoNakayama/丰川悦司Ets...,情书,59,8.9
音乐能化解仇恨。,271915人评价,导演:罗曼·波兰斯基RomanPolanski主演:艾德里安·布洛迪AdrienBrod...,钢琴家,60,9.1
在时间之河里感受溺水之苦。,537774人评价,导演:大卫·芬奇DavidFincher主演:凯特·布兰切特CateBlanchett/...,本杰明·巴顿奇事,61,8.8
往事如烟，无处祭奠。,233049人评价,导演:赛尔乔·莱翁内SergioLeone主演:罗伯特·德尼罗RobertDeNiro...,美国往事,62,9.1
你以为你以为的就是你以为的。,570698人评价,导演:奥里奥尔·保罗OriolPaulo主演:马里奥·卡萨斯MarioCasas/阿...,看不见的客人,63,8.8
视觉革命。,402277人评价,导演:安迪·沃卓斯基AndyWachowski/拉娜·沃卓斯基LanaWachowski主...,黑客帝国,64,8.9
奔跑的孩子是天使。,199626人评价,导演:马基德·马基迪MajidMajidi主演:法拉赫阿米尔·哈什米安AmirFa...,小鞋子,65,9.2
美丽无罪。,508809人评价,导演:朱塞佩·托纳多雷GiuseppeTornatore主演:莫妮卡·贝鲁奇Monica...,西西里的美丽传说,66,8.8
经典之作，历久弥新。,166342人评价,导演:万籁鸣LaimingWan/唐澄ChengTang主演:邱岳峰YuefengQiu/...,大闹天宫,67,9.3
童话世界的开端。,421555人评价,导演:ChrisColumbus主演:DanielRadcliffe/EmmaWatson/RupertGrint,哈利·波特与魔法石,68,8.9
你给我翻译翻译，神马叫做TMD的惊喜。,877061人评价,导演:姜文WenJiang主演:姜文WenJiang/葛优YouGe/周润发Yun-F...,让子弹飞,69,8.7
美利坚精神输出大片No1.,342858人评价,导演:史蒂文·斯皮尔伯格StevenSpielberg主演:汤姆·汉克斯TomHanks...,拯救大兵瑞恩,70,8.9
孪生蝙蝠侠大战克隆金刚狼。,467042人评价,导演:克里斯托弗·诺兰ChristopherNolan主演:休·杰克曼HughJackman...,致命魔术,71,8.8
警察抓小偷，老鼠玩死猫。,560784人评价,导演:大卫·芬奇DavidFincher主演:摩根·弗里曼MorganFreeman/布...,七宗罪,72,8.8
以戏谑来戏谑戏谑。,414359人评价,导演:中岛哲也TetsuyaNakashima主演:中谷美纪MikiNakatani/瑛太E...,被嫌弃的松子的一生,73,8.9
用音乐化解仇恨，让歌声串起美好。,315471人评价,导演:罗伯特·怀斯RobertWise主演:朱莉·安德鲁斯JulieAndrews/克...,音乐之声,74,9.0
故事的高级讲法。,460598人评价,导演:昆汀·塔伦蒂诺QuentinTarantino主演:约翰·特拉沃尔塔JohnTra...,低俗小说,75,8.8
法式小清新。 ,623312人评价,导演:让-皮埃尔·热内Jean-PierreJeunet主演:奥黛丽·塔图AudreyTau...,天使爱美丽,76,8.7
安东尼·霍普金斯的顶级表演。,466674人评价,导演:乔纳森·戴米JonathanDemme主演:朱迪·福斯特JodieFoster/安...,沉默的羔羊,77,8.8
史诗大片的典范。,370102人评价,导演:梅尔·吉布森MelGibson主演:梅尔·吉布森MelGibson/苏菲·玛...,勇敢的心,78,8.9
骗子大师和执著警探的你追我跑故事。 ,359300人评价,导演:史蒂文·斯皮尔伯格StevenSpielberg主演:莱昂纳多·迪卡普里奥L...,猫鼠游戏,79,8.9
人的命运被自己瞬间的抉择改变。,513635人评价,导演:埃里克·布雷斯EricBress/J·麦基·格鲁伯J.MackyeGruber主...,蝴蝶效应,80,8.7
浪漫忧郁的成人童话。,637972人评价,导演:蒂姆·波顿TimBurton主演:约翰尼·德普JohnnyDepp/薇诺娜·...,剪刀手爱德华,81,8.7
爱情纠缠，男女一致。,341925人评价,导演:王家卫KarWaiWong主演:张国荣LeslieCheung/梁朝伟TonyLeu...,春光乍泄,82,8.9
人生中应该拥有这样的一段豁然开朗。,374505人评价,导演:格斯·范·桑特GusVanSant主演:马特·达蒙MattDamon/罗宾·...,心灵捕手,83,8.8
昔日翩翩少年，今日大腹便便。,499265人评价,导演:MartinScorsese主演:莱昂纳多·迪卡普里奥LeonardoDiCaprio/...,禁闭岛,84,8.7
小清新的故事里注入了大历史的情怀。,462312人评价,导演:韦斯·安德森WesAnderson主演:拉尔夫·费因斯RalphFiennes/...,布达佩斯大饭店,85,8.8
尽管有些不切实际的幻想，这部电影依旧是一部感人肺腑的佳作。,228958人评价,导演:马克·赫尔曼MarkHerman主演:阿萨·巴特菲尔德AsaButterfield...,穿条纹睡衣的男孩,86,9.0
死可能是一道门，逝去并不是终结，而是超越，走向下一程。,386288人评价,导演:泷田洋二郎YôjirôTakita主演:本木雅弘MasahiroMotoki/...,入殓师,87,8.8
绝对意义上的美轮美奂。,732971人评价,导演:詹姆斯·卡梅隆JamesCameron主演:萨姆·沃辛顿SamWorthington...,阿凡达,88,8.7
人与自然的战争史诗。,314096人评价,导演:宫崎骏HayaoMiyazaki主演:松田洋治YôjiMatsuda/石田百合...,幽灵公主,89,8.8
一场华丽的意淫。,359420人评价,导演:姜文WenJiang主演:夏雨YuXia/宁静JingNing/陶虹HongTao,阳光灿烂的日子,90,8.8
最不可能的那个人永远是最可能的。,428012人评价,导演:JamesMangold主演:JohnCusack/RayLiotta/AmandaPeet,致命ID,91,8.7
深入内心的恐怖，出人意料的结局。,307879人评价,导演:M·奈特·沙马兰M.NightShyamalan主演:布鲁斯·威利斯BruceWi...,第六感,92,8.8
约翰尼·德普的独角戏。,482184人评价,导演:戈尔·维宾斯基GoreVerbinski主演:约翰尼·德普JohnnyDepp/...,加勒比海盗,93,8.7
人言可畏。,184660人评价,导演:托马斯·温特伯格ThomasVinterberg主演:麦斯·米科尔森MadsMik...,狩猎,94,9.1
你是我最好的朋友，你是我唯一的朋友 。,278461人评价,导演:亚当·艾略特AdamElliot主演:托妮·科莱特ToniCollette/菲利...,玛丽和马克思,95,8.9
每个人心中都有一座断背山。,422948人评价,导演:李安AngLee主演:希斯·莱杰HeathLedger/杰克·吉伦哈尔Jake...,断背山,96,8.7
寂寞没有期限。,440413人评价,导演:王家卫KarWaiWong主演:林青霞BrigitteLin/金城武TakeshiK...,重庆森林,97,8.7
大时代中的人生，小人物的悲喜。,134635人评价,导演:查理·卓别林CharlesChaplin主演:查理·卓别林CharlesChaplin...,摩登时代,98,9.2
我是一个演员。,469418人评价,导演:周星驰StephenChow/李力持Lik-ChiLee主演:周星驰StephenCh...,喜剧之王,99,8.7
没有一人完全善，也没有一人完全恶。,442360人评价,导演:中岛哲也TetsuyaNakashima主演:松隆子TakakoMatsu/冈田将生...,告白,100,8.7
抱着梦想而活着的人是幸福的，怀抱梦想而死去的人是不朽的。,327699人评价,导演:蒂姆·波顿TimBurton主演:伊万·麦克格雷格EwanMcGregor/阿...,大鱼,101,8.8
年度最佳date movie。,490233人评价,导演:大卫·芬奇DavidFincher主演:本·阿弗莱克BenAffleck/罗莎蒙...,消失的爱人,102,8.7
我们都曾经是一一。,199417人评价,导演:杨德昌EdwardYang主演:吴念真/李凯莉KellyLee/金燕玲Elai...,一一,103,9.0
百看不厌。 ,361530人评价,导演:刘镇伟JeffreyLau主演:梁朝伟TonyLeungChiuWai/林青霞Bri...,射雕英雄传之东成西就,104,8.7
再多各自牛逼的时光，也比不上一起傻逼的岁月。 ,354213人评价,导演:姜炯哲Hyeong-CheolKang主演:沈恩京Eun-kyungShim/闵孝琳Hy...,阳光姐妹淘,105,8.8
相逢只要一瞬间，等待却像是一辈子。,291707人评价,导演:陈可辛PeterChan主演:黎明LeonLai/张曼玉MaggieCheung/...,甜蜜蜜,106,8.8
缘分是个连绵词，最美不过一瞬。,300749人评价,导演:理查德·林克莱特RichardLinklater主演:伊桑·霍克EthanHawke...,爱在黎明破晓前,107,8.8
那些静得只能听见呼吸的日子里，你明白孤独即生活。,203943人评价,导演:森淳一JunichiMori主演:桥本爱AiHashimoto/三浦贵大Takahir...,小森林 夏秋篇,108,9.0
和谐的生活离不开摸头与被摸头。,404808人评价,导演:迪恩·德布洛斯DeanDeBlois/克里斯·桑德斯ChrisSanders主演:...,驯龙高手,109,8.7
少女情怀总是诗。,234518人评价,导演:近藤喜文YoshifumiKondo主演:本名阳子YoukoHonna/小林桂树K...,侧耳倾听,110,8.8
梦的勾结。,192664人评价,导演:今敏SatoshiKon主演:林原惠美MegumiHayashibara/江守彻Toru...,红辣椒,111,8.9
沉醉在电影的情感和视听氛围中无法自拔。,292013人评价,导演:卢卡·瓜达尼诺LucaGuadagnino主演:艾米·汉莫ArmieHammer/...,请以你的名字呼唤我,112,8.8
两张绝世的脸。 ,368639人评价,导演:程小东Siu-TungChing主演:张国荣LeslieCheung/王祖贤JoeyW...,倩女幽魂,113,8.7
恐怖分子的“秋菊打官司”。,323560人评价,导演:金秉祐Byeong-wooKim主演:河正宇Jung-wooHa/李璟荣Kyeong-y...,恐怖直播,114,8.7
动画片的圣经。,231418人评价,导演:宫崎骏HayaoMiyazaki主演:岛本须美SumiShimamoto/松田洋治Y...,风之谷,115,8.8
被上帝抛弃了的上帝之城。,191450人评价,导演:KátiaLund/FernandoMeirelles主演:AlexandreRodrigues/Lea...,上帝之城,116,8.9
穷尽一生，我们要学会的，不过是彼此拥抱。,237680人评价,导演:托尼·凯耶TonyKaye主演:艾德里安·布洛迪AdrienBrody/马西...,超脱,117,8.8
九年后的重逢是世俗和责任的交叠，没了悸动和青涩，沧桑而温暖。,262718人评价,导演:理查德·林克莱特RichardLinklater主演:伊桑·霍克EthanHawke...,爱在日落黄昏时,118,8.8
从没见过那么流氓的温柔，从没见过那么温柔的流氓。,257687人评价,导演:北野武TakeshiKitano主演:北野武TakeshiKitano/关口雄介Yus...,菊次郎的夏天,119,8.8
有时候幸福需要等一等。 ,291575人评价,导演:史蒂文·斯皮尔伯格StevenSpielberg主演:汤姆·汉克斯TomHanks...,幸福终点站,120,8.7
10年的完美句点。,379600人评价,导演:大卫·叶茨DavidYates主演:丹尼尔·雷德克里夫DanielRadcliffe...,哈利·波特与死亡圣器(下),121,8.7
尊敬他人，尊敬你生活的这片土地，明白孤独是人生的常态。,177993人评价,导演:森淳一JunichiMori主演:桥本爱AiHashimoto/三浦贵大Takahir...,小森林 冬春篇,122,9.0
关于连环杀人悬案的集体回忆。,282206人评价,导演:奉俊昊Joon-hoBong主演:宋康昊Kang-hoSong/金相庆Sang-kyun...,杀人回忆,123,8.7
《我是山姆》的《美丽人生》。,251003人评价,导演:李焕庆Hwan-kyeongLee主演:柳承龙Seung-yongRyoo/朴信惠Shi...,7号房的礼物,124,8.8
Mr. I Don't Care其实也有Care的时候。,530536人评价,导演:皮艾尔·柯芬PierreCoffin/克里斯·雷纳德ChrisRenaud主演:...,神偷奶爸,125,8.5
曾经的那段美好会沉淀为一辈子的记忆。,286011人评价,导演:米林宏昌HiromasaYonebayashi主演:志田未来MiraiShida/神木...,借东西的小人阿莉埃蒂,126,8.7
触不到的恋人。,234635人评价,导演:大森贵弘TakahiroOmori主演:佐仓绫音AyaneSakura/内山昂辉K...,萤火之森,127,8.8
华太师是黄霑，吴镇宇四大才子之一。,496451人评价,导演:李力持Lik-ChiLee主演:周星驰StephenChow/巩俐LiGong/陈...,唐伯虎点秋香,128,8.5
诺兰就是保证。,386902人评价,导演:克里斯托弗·诺兰ChristopherNolan主演:克里斯蒂安·贝尔Christ...,蝙蝠侠：黑暗骑士崛起,129,8.7
Balalala~~~,519928人评价,导演:唐·霍尔DonHall/克里斯·威廉姆斯ChrisWilliams主演:斯科特...,超能陆战队,130,8.6
不要给它起名字，起了名字就有感情了。,336998人评价,导演:彼特·道格特PeteDocter/大卫·斯沃曼DavidSilverman主演:约...,怪兽电力公司,131,8.6
岁月流逝，来日可追。,376698人评价,导演:罗启锐AlexLaw主演:吴君如SandraNg/任达华SimonYam/钟绍...,岁月神偷,132,8.7
真相就在眼前。,265589人评价,导演:詹姆斯·温JamesWan主演:雷·沃纳尔LeighWhannell/加利·艾...,电锯惊魂,133,8.7
时代悲歌。,102672人评价,导演:黑泽明AkiraKurosawa主演:三船敏郎ToshirôMifune/志村乔...,七武士,134,9.2
像吃了苏打饼一样干脆的电影。,238936人评价,导演:保罗·格林格拉斯PaulGreengrass主演:马特·达蒙MattDamon/...,谍影重重3,135,8.7
爱，是个动词。,410231人评价,导演:理查德·柯蒂斯RichardCurtis主演:休·格兰特HughGrant/柯林...,真爱至上,136,8.6
老少皆宜，这就是好莱坞动画的魅力。,486449人评价,导演:科克·德·米科KirkDeMicco/克里斯·桑德斯ChrisSanders主演...,疯狂原始人,137,8.7
我的平常生活就是他人的幸福。,115607人评价,导演:是枝裕和HirokazuKoreeda主演:柳乐优弥YûyaYagira/北浦爱...,无人知晓,138,9.1
中国家庭的喜怒哀乐忍。,183547人评价,导演:李安AngLee主演:赵文瑄WinstonChao/郎雄SihungLung/归亚...,喜宴,139,8.9
幸福是生生不息，却难以触及的远。 ,256894人评价,导演:高畑勋IsaoTakahata主演:辰己努/白石绫乃/志乃原良子,萤火虫之墓,140,8.7
电影诗。,339149人评价,导演:王家卫KarWaiWong主演:张国荣LeslieCheung/林青霞Brigitte...,东邪西毒,141,8.6
英雄泪短，兄弟情长。 ,252420人评价,导演:吴宇森JohnWoo主演:周润发Yun-FatChow/狄龙LungTi/张国...,英雄本色,142,8.6
上帝之城+猜火车+阿甘正传+开心辞典=山寨富翁,477342人评价,导演:丹尼·鲍尔DannyBoyle/洛芙琳·坦丹LoveleenTandan主演:戴夫...,贫民窟的百万富翁,143,8.5
黑暗之美。,523016人评价,导演:达伦·阿罗诺夫斯基DarrenAronofsky主演:娜塔莉·波特曼Natalie...,黑天鹅,144,8.5
一个针管引发的血案。,354613人评价,导演:克里斯托弗·诺兰ChristopherNolan主演:盖·皮尔斯GuyPearce/...,记忆碎片,145,8.6
优秀的战争片不会美化战场，不会粉饰死亡，不会矮化敌人，不会无视常识，最重要的，不会宣扬战争。,439681人评价,导演:梅尔·吉布森MelGibson主演:安德鲁·加菲尔德AndrewGarfield/...,血战钢锯岭,146,8.7
荒诞讽刺，千奇百巧，抽丝剥茧，百转千回。,255548人评价,导演:忻钰坤YukunXin主演:霍卫民WeiminHuo/王笑天XiaotianWang...,心迷宫,147,8.7
爱是摈弃傲慢与偏见之后的曙光。,400490人评价,导演:乔·怀特JoeWright主演:凯拉·奈特莉KeiraKnightley/马修·...,傲慢与偏见,148,8.5
把每天当作最后一天般珍惜度过，积极拥抱生活，就是幸福。,279920人评价,导演:理查德·柯蒂斯RichardCurtis主演:多姆纳尔·格里森DomhnallGl...,时空恋旅人,149,8.7
始于荒诞，止于更荒诞。,205158人评价,导演:达米安·斯兹弗隆DamiánSzifron主演:达里奥·葛兰帝内提Darío...,荒蛮故事,150,8.8
生活在自己的世界里，也可以让周围的人显得可笑和渺小。,254870人评价,导演:巴瑞·莱文森BarryLevinson主演:达斯汀·霍夫曼DustinHoffman...,雨人,151,8.7
香港浪漫主义警匪动作片的巅峰之作。,208550人评价,导演:吴宇森JohnWoo主演:周润发Yun-FatChow/张国荣LeslieCheung...,纵横四海,152,8.7
任何信念的力量，都无法改变命运。,177627人评价,导演:弗朗西斯·福特·科波拉FrancisFordCoppola主演:阿尔·帕西诺A...,教父3,153,8.8
Jared Leto的腿比女人还美！,248747人评价,导演:让-马克·瓦雷Jean-MarcVallée主演:马修·麦康纳MatthewMcCon...,达拉斯买家俱乐部,154,8.7
跨度十五年的欢乐与泪水。,250113人评价,导演:李·昂克里奇LeeUnkrich主演:汤姆·汉克斯TomHanks/蒂姆·艾...,玩具总动员3,155,8.8
坏人的好总是比好人的好来得更感人。,111763人评价,导演:克林特·伊斯特伍德ClintEastwood主演:凯文·科斯特纳KevinCos...,完美的世界,156,9.1
当这个世界闭上双眼，他却敞开了怀抱。,153200人评价,导演:特瑞·乔治TerryGeorge主演:唐·钱德尔DonCheadle/苏菲·奥...,卢旺达饭店,157,8.9
偷情本没有这样美。,317143人评价,导演:王家卫KarWaiWong主演:梁朝伟TonyLeungChiuWai/张曼玉Ma...,花样年华,158,8.6
我们都有权利不与自己的过去和解。,276686人评价,导演:肯尼斯·罗纳根KennethLonergan主演:卡西·阿弗莱克CaseyAffle...,海边的曼彻斯特,159,8.6
大海啊，不全是水。,112941人评价,导演:雅克·贝汉JacquesPerrin/雅克·克鲁奥德JacquesCluzaud主演:...,海洋,160,9.0
爱情没有那么多借口，如果不能圆满，只能说明爱的不够。 ,363649人评价,导演:尼克·卡索维茨NickCassavetes主演:瑞恩·高斯林RyanGosling/...,恋恋笔记本,161,8.5
永远看不腻的喜剧。,132896人评价,导演:杰拉尔·乌里GérardOury主演:路易·德·菲耐斯LouisdeFunès...,虎口脱险,162,8.9
感情不分食草或者食肉。,190126人评价,导演:藤森雅也MasayaFujimori主演:山口胜平KappeiYamaguchi/爱河...,你看起来好像很好吃,163,8.8
热血沸腾，那个低俗、性感的无耻混蛋又来了。,333552人评价,导演:昆汀·塔伦蒂诺QuentinTarantino主演:杰米·福克斯JamieFoxx/...,被解救的姜戈,164,8.6
有一些东西不应该被遗忘。,154459人评价,导演:郭柯KeGuo主演:,二十二,165,8.7
愿我们都不用长大，每一座城堡都能永远存在。,315645人评价,导演:彼特·道格特PeteDocter/罗纳尔多·德尔·卡门RonaldoDelCarmen&nb...,头脑特工队,166,8.7
迪士尼和皮克斯拿错剧本的产物。,283475人评价,导演:瑞奇·莫尔RichMoore主演:约翰·C·赖利JohnC.Reilly/萨拉...,无敌破坏王,167,8.7
松鼠才是角儿。,355291人评价,导演:卡洛斯·沙尔丹哈CarlosSaldanha/克里斯·韦奇ChrisWedge主演...,冰川时代,168,8.5
穿越错位的时空，仰望陨落的星辰，你没留下你的名字，我却无法忘记那句“我爱你”。,688138人评价,导演:新海诚MakotoShinkai主演:神木隆之介RyûnosukeKamiki/上...,你的名字。,169,8.4
,450167人评价,导演:马丁·麦克唐纳MartinMcDonagh主演:弗兰西斯·麦克多蒙德France...,三块广告牌,170,8.7
传奇，不是每个人都可以拥有。,176643人评价,导演:爱德华·兹威克EdwardZwick主演:布拉德·皮特BradPitt/安东...,燃情岁月,171,8.8
骨灰级歌舞片。,117812人评价,导演:斯坦利·多南StanleyDonen/吉恩·凯利GeneKelly主演:吉恩·...,雨中曲,172,9.0
爱并不需要智商 。,140333人评价,导演:杰茜·尼尔森JessieNelson主演:SeanPenn/DakotaFanning/Mi...,我是山姆,173,8.9
这个世界从不善待努力的人，努力了也不一定会成功，但是知道自己在努力，就是活下去的动力。,305793人评价,导演:达米恩·查泽雷DamienChazelle主演:迈尔斯·特勒MilesTeller/...,爆裂鼓手,174,8.6
对爱的执着，可以超越一切。,244883人评价,导演:史蒂文·斯皮尔伯格StevenSpielberg主演:海利·乔·奥斯蒙Haley...,人工智能,175,8.6
好的剧本是，就算你猜到了结局也猜不到全部。,134990人评价,导演:今敏SatoshiKon主演:岩男润子JunkoIwao/松本梨香RicaMatsu...,未麻的部屋,176,8.9
爱上未来的你。 ,233636人评价,导演:细田守MamoruHosoda主演:仲里依纱RiisaNaka/石田卓也Takuya...,穿越时空的少女,177,8.6
中国式内在的美国电影。,157233人评价,导演:茂文·勒鲁瓦MervynLeRoy主演:费雯·丽VivienLeigh/罗伯特·...,魂断蓝桥,178,8.8
不可猜的青春迷笛。 ,295447人评价,导演:丹尼·博伊尔DannyBoyle主演:伊万·麦克格雷格EwanMcGregor/...,猜火车,179,8.5
他给机器起名“克里斯托弗”，因为这是他初恋的名字。,333179人评价,导演:莫滕·泰杜姆MortenTyldum主演:本尼迪克特·康伯巴奇BenedictC...,模仿游戏,180,8.6
惠及一生的美丽。,178856人评价,导演:汉内斯·赫尔姆HannesHolm主演:罗夫·拉斯加德RolfLassgård...,一个叫欧维的男人决定去死,181,8.8
被偷走的岁月，被伤害的生命，被禁锢的灵魂，终将被希望和善意救赎。,213135人评价,导演:伦尼·阿伯拉罕森LennyAbrahamson主演:布丽·拉尔森BrieLarson...,房间,182,8.8
养狗三日，便会对你终其一生。,87811人评价,导演:SeijirôKôyama主演:山本圭KeiYamamoto/井川比佐志Hisa...,忠犬八公物语,183,9.1
来啊，互相伤害啊！,311461人评价,导演:保罗·格诺维瑟PaoloGenovese主演:马可·贾利尼MarcoGiallini...,完美陌生人,184,8.5
不要企图在重复中寻找已经失去的爱。,429348人评价,导演:克里斯托弗·史密斯ChristopherSmith主演:梅利莎·乔治Melissa...,恐怖游轮,185,8.4
人生的N种可能性。,164775人评价,导演:黑泽明AkiraKurosawa主演:三船敏郎ToshirôMifune/千秋实...,罗生门,186,8.7
宫崎骏的电影总让人感觉世界是美好的，阳光明媚的。,259295人评价,导演:宫崎骏HayaoMiyazaki主演:高山南MinamiTakayama/佐久间玲Re...,魔女宅急便,187,8.6
王家卫是一种风格，张国荣是一个代表。,276964人评价,导演:王家卫KarWaiWong主演:张国荣LeslieCheung/张曼玉MaggieC...,阿飞正传,188,8.5
一个单凭体香达到高潮的男人。,344158人评价,导演:汤姆·提克威TomTykwer主演:本·卫肖BenWhishaw/艾伦·瑞克...,香水,189,8.5
想你时你在闹海。,112362人评价,导演:严定宪DingxianYan/王树忱ShuchenWang主演:梁正晖Zhenghui...,哪吒闹海,190,8.9
世界离独裁只有五天。,165105人评价,导演:丹尼斯·甘塞尔DennisGansel主演:尤尔根·沃格尔JürgenVogel...,浪潮,191,8.7
当爱情跨越年龄的界限，它似乎能变得更久远一点，成为一种责任，一种水到渠成的相濡以沫。 ,322818人评价,导演:史蒂芬·戴德利StephenDaldry主演:凯特·温丝莱特KateWinslet...,朗读者,192,8.5
不得不说，《黑客帝国》系列是商业片与科幻、哲学完美结合的典范。,208507人评价,导演:AndyWachowski/LarryWachowski主演:基努·里维斯KeanuReeves...,黑客帝国3：矩阵革命,193,8.6
是枝裕和的家庭习作。,194105人评价,导演:是枝裕和HirokazuKoreeda主演:绫濑遥HarukaAyase/长泽雅美M...,海街日记,194,8.7
坚硬的信仰。,162072人评价,导演:陆川ChuanLu主演:多布杰Duobujie/张磊LeiZhang/亓亮QiL...,可可西里,195,8.7
谁说王家卫镜头很晃？,206208人评价,导演:保罗·格林格拉斯PaulGreengrass主演:马特·达蒙MattDamon/...,谍影重重2,196,8.6
哗啦啦啦啦，天在下雨，哗啦啦啦啦，云在哭泣……找自己。,246027人评价,导演:道格·里曼DougLiman主演:马特·达蒙MattDamon/弗兰卡·波坦...,谍影重重,197,8.5
做一颗让别人需要你的棋子。,213570人评价,导演:安德鲁·尼科尔AndrewNiccol主演:尼古拉斯·凯奇NicolasCage/...,战争之王,198,8.6
弱者送给弱者的一刀。,139174人评价,导演:杨德昌EdwardYang主演:张震ChenChang/杨静怡LisaYang/张...,牯岭街少年杀人事件,199,8.8
天使保护事件始末。,111930人评价,导演:阿米尔·汗AamirKhan主演:达席尔·萨法瑞DarsheelSafary/阿...,地球上的星星,200,8.9
人生如此，浮生如斯。谁人言，花彼岸，此生情长意短。谁都是不懂爱的罢了。,286303人评价,导演:徐克HarkTsui主演:张曼玉MaggieCheung/王祖贤JoeyWang/...,青蛇,201,8.5
故事的反转与反转，分裂电影的始祖。,111442人评价,导演:AlfredHitchcock主演:JanetLeigh/AnthonyPerkins/VeraMiles,惊魂记,202,8.9
中国版《两杆大烟枪》。,422929人评价,导演:宁浩HaoNing主演:郭涛TaoGuo/刘桦HuaLiu/连晋TeddyLin,疯狂的石头,203,8.4
只有有信仰的人才能说出事实真相。,161071人评价,导演:阿斯哈·法哈蒂AsgharFarhadi主演:佩曼·莫阿迪PeymanMoadi/...,一次别离,204,8.7
诺兰的牛逼来源于内心散发出的恐惧。,102627人评价,导演:克里斯托弗·诺兰ChristopherNolan主演:杰里米·西奥伯德Jeremy...,追随,205,8.9
少见的超越首部的续集，动作片中的经典。,186326人评价,导演:詹姆斯·卡梅隆JamesCameron主演:阿诺·施瓦辛格ArnoldSchwarz...,终结者2：审判日,206,8.6
邓肯·琼斯继《月球》之后再度奉献出一部精彩绝伦的科幻佳作。,499126人评价,导演:邓肯·琼斯DuncanJones主演:杰克·吉伦哈尔JakeGyllenhaal/...,源代码,207,8.4
黑小鸭速效美白记。,593133人评价,导演:普特鹏·普罗萨卡·那·萨克那卡林PuttipongPromsakaNaSakolnakorn/华森·波克彭...,初恋这件小事,208,8.3
宝莱坞的萝莉与大叔。,245193人评价,导演:卡比尔·汗KabirKhan主演:萨尔曼·汗SalmanKhan/哈莎莉·马...,小萝莉的猴神大叔,209,8.5
日本的家庭电影已经是世界巅峰了，步履不停是巅峰中的佳作。,125863人评价,导演:是枝裕和HirokazuKoreeda主演:阿部宽HiroshiAbe/夏川结衣Yu...,步履不停,210,8.8
传奇的年代，醉人的童话。,76252人评价,导演:王树忱ShuchenWang/钱运达YundaQian主演:丁建华JianhuaDin...,天书奇谭,211,9.1
嬉笑怒骂，调风动月。,241072人评价,导演:李惠民RaymondLee主演:张曼玉MaggieCheung/林青霞Brigitte...,新龙门客栈,212,8.5
爱我就给我看你的播放列表。,229099人评价,导演:约翰·卡尼JohnCarney主演:凯拉·奈特莉KeiraKnightley/马克...,再次出发之纽约遇见你,213,8.5
天使与魔鬼的冲撞。,210399人评价,导演:保罗·哈吉斯PaulHaggis主演:桑德拉·布洛克SandraBullock/...,撞车,214,8.6
一场没有春天的噩梦。,137784人评价,导演:达伦·阿伦诺夫斯基DarrenAronofsky主演:艾伦·伯斯汀EllenBur...,梦之安魂曲,215,8.7
所谓爱情，就是话唠一路，都不会心生腻烦，彼此嫌弃。,154060人评价,导演:理查德·林克莱特RichardLinklater主演:伊桑·霍克EthanHawke...,爱在午夜降临前,216,8.8
,82799人评价,导演:阿兰·葛斯彭纳AlainGsponer主演:阿努克·斯特芬AnukSteffen/...,海蒂和爷爷,217,9.1
昆汀同学越来越变态了，比北野武还杜琪峰。,276672人评价,导演:QuentinTarantino主演:布拉德·皮特BradPitt/梅拉尼·罗兰M...,无耻混蛋,218,8.5
东京那么大，如果有一天走失了，恐怕一辈子不能再相见。,67273人评价,导演:小津安二郎YasujirôOzu主演:笠智众ChishûRyû/原节...,东京物语,219,9.2
永远的小人物，伟大的卓别林。,60407人评价,导演:CharlesChaplin主演:查理·卓别林CharlesChaplin/弗吉尼亚·...,城市之光,220,9.3
天使暂时离开。,135989人评价,导演:FrankDarabont主演:汤姆·汉克斯TomHanks/大卫·摩斯DavidM...,绿里奇迹,221,8.7
小成本大魅力。,253904人评价,导演:詹姆斯·沃德·布柯特JamesWardByrkit主演:艾米丽·芭尔多尼Em...,彗星来的那一夜,222,8.5
每个美丽事物背后都是滴血的现实。,179395人评价,导演:爱德华·兹威克EdwardZwick主演:莱昂纳多·迪卡普里奥Leonardo...,血钻,223,8.6
科幻真正的魅力不是视觉效果能取代的。 ,233264人评价,导演:理查德·沙因克曼RichardSchenkman主演:大卫·李·史密斯David...,这个男人来自地球,224,8.5
生病的E.T.皮肤的颜色就像柿子饼。,199677人评价,导演:StevenSpielberg主演:HenryThomas/DeeWallace/RobertMacNa...,E.T. 外星人,225,8.5
现代科幻电影的开山之作，最伟大导演的最伟大影片。,136193人评价,导演:斯坦利·库布里克StanleyKubrick主演:凯尔·杜拉KeirDullea/...,2001太空漫游,226,8.7
没有了退路，只好飞向自由。,130555人评价,导演:雷德利·斯科特RidleyScott主演:吉娜·戴维斯GeenaDavis/苏...,末路狂花,227,8.7
新闻人的理性求真。,163075人评价,导演:托马斯·麦卡锡ThomasMcCarthy主演:马克·鲁弗洛MarkRuffalo/...,聚焦,228,8.8
类型片的极致。 ,173522人评价,导演:迈克尔·贝MichaelBay主演:肖恩·康纳利SeanConnery/尼古拉...,勇闯夺命岛,229,8.6
当发哥的风衣、墨镜出现在了凯奇身上⋯⋯,260256人评价,导演:吴宇森JohnWoo主演:约翰·特拉沃尔塔JohnTravolta/尼古拉斯...,变脸,230,8.4
我完全康复了。,226520人评价,导演:StanleyKubrick主演:MalcolmMcDowell/PatrickMagee/Michael...,发条橙,231,8.5
,411006人评价,导演:周星驰StephenChow主演:周星驰StephenChow/元秋QiuYuen/...,功夫,232,8.3
青春就是放弃和怀念。,387129人评价,导演:新海诚MakotoShinkai主演:水桥研二KenjiMizuhashi/近藤好美...,秒速5厘米,233,8.3
最棒的西部片。,66831人评价,导演:SergioLeone主演:ClintEastwood/EliWallach/LeeVanCleef,黄金三镖客,234,9.1
还原真实而残酷的战争。,157126人评价,导演:雷德利·斯科特RidleyScott主演:乔什·哈奈特JoshHartnett/...,黑鹰坠落,235,8.6
我不信仰上帝，但我敬畏上帝。,152552人评价,导演:布莱恩·辛格BryanSinger主演:史蒂芬·鲍德温StephenBaldwin/...,非常嫌疑犯,236,8.6
世界上有那么多女人那么多酒馆，但她偏偏走进我的这家。,152537人评价,导演:迈克尔·柯蒂兹MichaelCurtiz主演:亨弗莱·鲍嘉HumphreyBogart...,卡萨布兰卡,237,8.6
你要相信，这世上真的有爱存在，不管在什么年纪 ,78519人评价,导演:秋昌民Chang-minChoo主演:宋在河Jae-hoSong/李顺载Soon-jae...,我爱你,238,9.0
皇上无话儿。,415878人评价,导演:汤姆·霍珀TomHooper主演:柯林·菲尔斯ColinFirth/杰弗里·...,国王的演讲,239,8.4
一部能引人思考的科幻励志片。,120205人评价,导演:安德鲁·尼科尔AndrewNiccol主演:伊桑·霍克EthanHawke/乌玛...,千钧一发,240,8.7
,271262人评价,导演:乔治·米勒GeorgeMiller主演:汤姆·哈迪TomHardy/查理兹·塞...,疯狂的麦克斯4：狂暴之路,241,8.6
每个人的内心都是深不可测的大海。 ,226648人评价,导演:萨姆·门德斯SamMendes主演:凯文·史派西KevinSpacey/安妮特...,美国丽人,242,8.5
用剩余不多的时间，去燃烧整个生命。,174174人评价,导演:罗伯·莱纳RobReiner主演:杰克·尼科尔森JackNicholson/摩根...,遗愿清单,243,8.6
,288110人评价,导演:斯蒂芬·卓博斯基StephenChbosky主演:雅各布·特伦布莱JacobTr...,奇迹男孩,244,8.6
在那片深蓝中，感受来自大海的忧伤寂寞与美丽自由。,120123人评价,导演:LucBesson主演:让-马克·巴尔Jean-MarcBarr/让·雷诺JeanRe...,碧海蓝天,245,8.7
过去的如果就让它过去了，未来只会越来越糟！,461648人评价,导演:周申ShenZhou/刘露LuLiu主演:任素汐SuxiRen/大力DaLi...,驴得水,246,8.3
一个人的独角戏。,173692人评价,导演:罗伯特·泽米吉斯RobertZemeckis主演:汤姆·汉克斯TomHanks/...,荒岛余生,247,8.5
一群演技精湛的戏骨，奉献出一个精致的黑帮小品，成就杜琪峰群戏的巅峰之作。,126409人评价,导演:杜琪峰JohnnieTo主演:吴镇宇FrancisNg/任达华SimonYam/...,枪火,248,8.7
"In memory, love lives forever...",204535人评价,导演:安东尼·明格拉AnthonyMinghella主演:拉尔夫·费因斯RalphFien...,英国病人,249,8.5
出门必备：本草纲目。,155236人评价,导演:西恩·潘SeanPenn主演:埃米尔·赫斯基EmileHirsch/马西娅·...,荒野生存,250,8.6
